{
  "GroupName": "MainMission1040604_02",
  "Category": "Mission",
  "LevelGraph": "Config/Level/GroupGraph/F40451003/Group_F40451003_G32.json",
  "AreaAnchorName": "LevelArea_P40451_F40451003_G32",
  "SaveType": "Reset",
  "OwnerMainMissionID": 1040604,
  "ValueSource": {},
  "ConflictIDList": [],
  "IsHoyoGroup": true,
  "HoyoGroupLowestLoadPlatformQuality": "VeryLow",
  "ConflictWhiteList": [],
  "AnchorList": [
    {
      "Name": "Anchor1",
      "ID": 1,
      "PosX": 259.5,
      "PosY": 103.933,
      "PosZ": 256.13
    },
    {
      "Name": "Anchor2",
      "ID": 2,
      "PosX": 216.01,
      "PosY": 108.484,
      "PosZ": 253.17
    }
  ],
  "MonsterList": [],
  "PropList": [],
  "DistrictList": [
    {
      "Scale": {
        "x": 1.0,
        "y": 1.0,
        "z": 1.0,
        "normalized": {
          "x": 0.577350259,
          "y": 0.577350259,
          "z": 0.577350259,
          "normalized": {
            "x": 0.5773503,
            "y": 0.5773503,
            "z": 0.5773503,
            "magnitude": 1.00000012,
            "sqrMagnitude": 1.00000024
          },
          "magnitude": 0.99999994,
          "sqrMagnitude": 0.99999994
        },
        "magnitude": 1.73205078,
        "sqrMagnitude": 3.0
      },
      "Trigger": {
        "Shape": "Polygon",
        "Radius": 6.0,
        "DimX": 20.0,
        "DimY": 8.0,
        "DimZ": 18.0,
        "PointList": [
          {
            "x": -8.418628,
            "y": -5.871397,
            "normalized": {
              "x": -0.8202213,
              "y": -0.5720463,
              "normalized": {
                "x": -0.820221364,
                "y": -0.57204634,
                "magnitude": 1.0,
                "sqrMagnitude": 1.00000012
              },
              "magnitude": 0.99999994,
              "sqrMagnitude": 0.99999994
            },
            "magnitude": 10.2638493,
            "sqrMagnitude": 105.346596
          },
          {
            "x": -9.1824,
            "y": 7.564393,
            "normalized": {
              "x": -0.771830559,
              "y": 0.6358283,
              "magnitude": 1.0,
              "sqrMagnitude": 1.00000012
            },
            "magnitude": 11.8969116,
            "sqrMagnitude": 141.536514
          },
          {
            "x": 0.417432,
            "y": 3.353072,
            "normalized": {
              "x": 0.12353877,
              "y": 0.99233973,
              "normalized": {
                "x": 0.123538777,
                "y": 0.9923398,
                "magnitude": 1.0,
                "sqrMagnitude": 1.00000012
              },
              "magnitude": 0.99999994,
              "sqrMagnitude": 0.99999994
            },
            "magnitude": 3.3789556,
            "sqrMagnitude": 11.4173412
          },
          {
            "x": 13.40088,
            "y": -1.823991,
            "normalized": {
              "x": 0.99086374,
              "y": -0.134866253,
              "normalized": {
                "x": 0.99086386,
                "y": -0.134866267,
                "magnitude": 1.0,
                "sqrMagnitude": 1.00000012
              },
              "magnitude": 0.9999999,
              "sqrMagnitude": 0.9999998
            },
            "magnitude": 13.5244427,
            "sqrMagnitude": 182.910538
          },
          {
            "x": 13.06447,
            "y": -9.078745,
            "normalized": {
              "x": 0.821187437,
              "y": -0.5706585,
              "magnitude": 1.0,
              "sqrMagnitude": 1.0
            },
            "magnitude": 15.9092426,
            "sqrMagnitude": 253.104
          },
          {
            "x": -1.855196,
            "y": -8.05534,
            "normalized": {
              "x": -0.224431232,
              "y": -0.9744899,
              "magnitude": 1.0,
              "sqrMagnitude": 1.0
            },
            "magnitude": 8.26621151,
            "sqrMagnitude": 68.330246
          }
        ]
      },
      "LoadOnInitial": true,
      "DistrictType": "Level",
      "NPCCrowdRadius": 25.0,
      "ValueSource": {},
      "Name": "District1",
      "RotY": 331.0804,
      "ID": 500001,
      "PosX": 265.32,
      "PosY": 100.48,
      "PosZ": 252.99
    },
    {
      "Scale": {
        "x": 1.0,
        "y": 1.0,
        "z": 1.0,
        "normalized": {
          "x": 0.577350259,
          "y": 0.577350259,
          "z": 0.577350259,
          "normalized": {
            "x": 0.5773503,
            "y": 0.5773503,
            "z": 0.5773503,
            "magnitude": 1.00000012,
            "sqrMagnitude": 1.00000024
          },
          "magnitude": 0.99999994,
          "sqrMagnitude": 0.99999994
        },
        "magnitude": 1.73205078,
        "sqrMagnitude": 3.0
      },
      "Trigger": {
        "Shape": "GeometrySphere",
        "Radius": 18.0,
        "DimX": 1.0,
        "DimY": 1.0,
        "DimZ": 1.0
      },
      "LoadOnInitial": true,
      "DistrictType": "Level",
      "NPCCrowdRadius": 25.0,
      "ValueSource": {},
      "Name": "District2",
      "ID": 500002,
      "PosX": 261.2,
      "PosY": 101.8631,
      "PosZ": 250.76
    }
  ],
  "WaypointList": [],
  "PathwayList": [],
  "BattleAreaList": [],
  "NPCList": [
    {
      "NPCID": 14265,
      "LoadOnInitial": true,
      "ValueSource": {},
      "DialogueTriggerAngle": 120,
      "DialogueGroups": [],
      "ServerInteractVerificationIDList": [],
      "DefaultBlendShapeConfigName": "Happy01",
      "BoardShowList": [
        1,
        4,
        8,
        64
      ],
      "TalkDialogGroupIDList": [],
      "DefaultAnimationType": "FreeStyle",
      "DefaultIdleFreeStyleMotionID": 100020231,
      "AdditiveResidentEffect": [],
      "BornType": "Mission",
      "InitialHiddenNodeList": [],
      "InteractIconType": {
        "JsonValueStr": "ChatIcon"
      },
      "DialogueTriggerSkipFakeAvatar": true,
      "DialogueTriggerSkipSpecifiedFakeAvatarList": [],
      "OverrideReplaceMaterialKeyList": [],
      "CameraCenterEntityList": [],
      "CameraConfig": {},
      "SpawnConfig": {
        "TryCapture": true,
        "CaptureDistanceTolerance": 1.5,
        "EntitySpawnConfig": {
          "NeedBlackIn": true,
          "BlackInDistance": 25.0,
          "NeedFadeIn": true,
          "NeedFadeOut": true
        }
      },
      "TriggerValidGuest": {
        "LocalPlayer": true,
        "Teammember": true
      },
      "Name": "NPC1",
      "RotY": 333.2084,
      "ID": 400001,
      "PosX": 258.4,
      "PosY": 101.8631,
      "PosZ": 251.51
    },
    {
      "NPCID": 14143,
      "LoadOnInitial": true,
      "ValueSource": {},
      "DialogueTriggerAngle": 120,
      "DialogueGroups": [],
      "ServerInteractVerificationIDList": [],
      "DefaultBlendShapeConfigName": "Angry01",
      "BoardShowList": [
        4,
        8
      ],
      "TalkDialogGroupIDList": [],
      "DefaultAnimationType": "FreeStyle",
      "DefaultIdleFreeStyleMotionID": 100010237,
      "AdditiveResidentEffect": [],
      "BornType": "Mission",
      "InitialHiddenNodeList": [],
      "InteractIconType": {
        "JsonValueStr": "ChatIcon"
      },
      "DialogueTriggerSkipFakeAvatar": true,
      "DialogueTriggerSkipSpecifiedFakeAvatarList": [],
      "OverrideReplaceMaterialKeyList": [],
      "CameraCenterEntityList": [],
      "CameraConfig": {},
      "SpawnConfig": {
        "TryCapture": true,
        "CaptureDistanceTolerance": 1.5,
        "EntitySpawnConfig": {
          "NeedBlackIn": true,
          "BlackInDistance": 25.0,
          "NeedFadeIn": true,
          "NeedFadeOut": true
        }
      },
      "TriggerValidGuest": {
        "LocalPlayer": true,
        "Teammember": true
      },
      "Name": "NPC2",
      "RotY": 140.8941,
      "ID": 400002,
      "PosX": 260.3,
      "PosY": 101.8631,
      "PosZ": 253.14
    },
    {
      "NPCID": 14235,
      "LoadOnInitial": true,
      "ValueSource": {},