{
  "GroupName": "MainMission1040604_03",
  "Category": "Mission",
  "LevelGraph": "Config/Level/GroupGraph/F40451003/Group_F40451003_G33.json",
  "AreaAnchorName": "LevelArea_P40451_F40451003_G33",
  "SaveType": "Reset",
  "OwnerMainMissionID": 1040604,
  "ValueSource": {},
  "ConflictIDList": [],
  "IsHoyoGroup": true,
  "HoyoGroupLowestLoadPlatformQuality": "VeryLow",
  "ConflictWhiteList": [],
  "AnchorList": [
    {
      "Name": "Anchor1",
      "ID": 1,
      "PosX": 290.766,
      "PosY": 107.973,
      "PosZ": 205.584,
      "IsDelete": true
    }
  ],
  "MonsterList": [],
  "PropList": [],
  "DistrictList": [
    {
      "Scale": {
        "x": 1.0,
        "y": 1.0,
        "z": 1.0,
        "normalized": {
          "x": 0.577350259,
          "y": 0.577350259,
          "z": 0.577350259,
          "normalized": {
            "x": 0.5773503,
            "y": 0.5773503,
            "z": 0.5773503,
            "magnitude": 1.00000012,
            "sqrMagnitude": 1.00000024
          },
          "magnitude": 0.99999994,
          "sqrMagnitude": 0.99999994
        },
        "magnitude": 1.73205078,
        "sqrMagnitude": 3.0
      },
      "Trigger": {
        "Shape": "Polygon",
        "Radius": 5.0,
        "DimX": 1.0,
        "DimY": 8.0,
        "DimZ": 1.0,
        "PointList": [
          {
            "x": 3.640099,
            "y": -13.42581,
            "normalized": {
              "x": 0.2616795,
              "y": -0.9651548,
              "magnitude": 1.0,
              "sqrMagnitude": 1.0
            },
            "magnitude": 13.9105244,
            "sqrMagnitude": 193.502686
          },
          {
            "x": -4.541165,
            "y": 1.869456,
            "normalized": {
              "x": -0.9247093,
              "y": 0.380674,
              "magnitude": 1.0,
              "sqrMagnitude": 1.0
            },
            "magnitude": 4.91091061,
            "sqrMagnitude": 24.1170444
          },
          {
            "x": 0.307752,
            "y": 4.510184,
            "normalized": {
              "x": 0.06807662,
              "y": 0.997680068,
              "normalized": {
                "x": 0.0680766255,
                "y": 0.9976801,
                "magnitude": 1.0,
                "sqrMagnitude": 1.0
              },
              "magnitude": 0.99999994,
              "sqrMagnitude": 0.99999994
            },
            "magnitude": 4.52067137,
            "sqrMagnitude": 20.43647
          },
          {
            "x": 5.174808,
            "y": -0.518989,
            "normalized": {
              "x": 0.9950084,
              "y": -0.09979084,
              "normalized": {
                "x": 0.995008469,
                "y": -0.09979085,
                "magnitude": 1.0,
                "sqrMagnitude": 1.00000012
              },
              "magnitude": 0.99999994,
              "sqrMagnitude": 0.99999994
            },
            "magnitude": 5.200768,
            "sqrMagnitude": 27.0479889
          },
          {
            "x": 9.885655,
            "y": 0.264483,
            "normalized": {
              "x": 0.9996423,
              "y": 0.02674465,
              "magnitude": 1.0,
              "sqrMagnitude": 1.0
            },
            "magnitude": 9.889193,
            "sqrMagnitude": 97.7961349
          },
          {
            "x": 12.50019,
            "y": 2.753908,
            "normalized": {
              "x": 0.976581037,
              "y": 0.215149865,
              "normalized": {
                "x": 0.9765811,
                "y": 0.215149879,
                "magnitude": 1.0,
                "sqrMagnitude": 1.00000012
              },
              "magnitude": 0.99999994,
              "sqrMagnitude": 0.99999994
            },
            "magnitude": 12.7999516,
            "sqrMagnitude": 163.83876
          },
          {
            "x": 9.832757,
            "y": 9.418777,
            "normalized": {
              "x": 0.722145259,
              "y": 0.691741467,
              "magnitude": 1.0,
              "sqrMagnitude": 1.0
            },
            "magnitude": 13.6160374,
            "sqrMagnitude": 185.396484
          },
          {
            "x": 17.08162,
            "y": 14.3146,
            "normalized": {
              "x": 0.7664548,
              "y": 0.6422982,
              "magnitude": 1.0,
              "sqrMagnitude": 1.0
            },
            "magnitude": 22.2865314,
            "sqrMagnitude": 496.689484
          },
          {
            "x": 20.12319,
            "y": 9.061533,
            "normalized": {
              "x": 0.9118181,
              "y": 0.410594434,
              "magnitude": 1.0,
              "sqrMagnitude": 1.0
            },
            "magnitude": 22.0693035,
            "sqrMagnitude": 487.054169
          },
          {
            "x": 18.65364,
            "y": -4.889945,
            "normalized": {
              "x": 0.967315435,
              "y": -0.2535762,
              "magnitude": 1.0,
              "sqrMagnitude": 1.0
            },
            "magnitude": 19.2839279,
            "sqrMagnitude": 371.869873
          }
        ]
      },
      "LoadOnInitial": true,
      "DistrictType": "Level",
      "NPCCrowdRadius": 25.0,
      "ValueSource": {},
      "Name": "District1",
      "ID": 500001,
      "PosX": 291.06,
      "PosY": 105.767,
      "PosZ": 204.45
    },
    {
      "Scale": {
        "x": 1.0,
        "y": 1.0,
        "z": 1.0,
        "normalized": {
          "x": 0.577350259,
          "y": 0.577350259,
          "z": 0.577350259,
          "normalized": {
            "x": 0.5773503,
            "y": 0.5773503,
            "z": 0.5773503,
            "magnitude": 1.00000012,
            "sqrMagnitude": 1.00000024
          },
          "magnitude": 0.99999994,
          "sqrMagnitude": 0.99999994
        },
        "magnitude": 1.73205078,
        "sqrMagnitude": 3.0
      },
      "Trigger": {
        "Shape": "GeometrySphere",
        "Radius": 10.0,
        "DimX": 1.0,
        "DimY": 1.0,
        "DimZ": 1.0
      },
      "LoadOnInitial": true,
      "DistrictType": "Level",
      "NPCCrowdRadius": 25.0,
      "ValueSource": {},
      "Name": "District2",
      "ID": 500002,
      "PosX": 292.66,
      "PosY": 105.971,
      "PosZ": 212.67
    }
  ],
  "WaypointList": [],
  "PathwayList": [],
  "BattleAreaList": [],
  "NPCList": [
    {
      "NPCID": 14188,
      "LoadOnInitial": true,
      "ValueSource": {},
      "DialogueTriggerAngle": 120,
      "DialogueGroups": [],
      "ServerInteractVerificationIDList": [],
      "BoardShowList": [
        1,
        4,
        8,
        64
      ],
      "TalkDialogGroupIDList": [],
      "DefaultAnimationType": "FreeStyle",
      "DefaultIdleFreeStyleMotionID": 100010222,
      "AdditiveResidentEffect": [],
      "BornType": "Mission",
      "InitialHiddenNodeList": [],
      "InteractIconType": {
        "JsonValueStr": "ChatIcon"
      },
      "DialogueTriggerSkipFakeAvatar": true,
      "DialogueTriggerSkipSpecifiedFakeAvatarList": [],
      "OverrideReplaceMaterialKeyList": [],
      "CameraCenterEntityList": [],
      "CameraConfig": {},
      "SpawnConfig": {
        "TryCapture": true,
        "CaptureDistanceTolerance": 1.5,
        "EntitySpawnConfig": {
          "NeedBlackIn": true,
          "BlackInDistance": 25.0,
          "NeedFadeIn": true,
          "NeedFadeOut": true
        }
      },
      "TriggerValidGuest": {
        "LocalPlayer": true,
        "Teammember": true
      },
      "Name": "NPC1",
      "RotY": 262.2965,
      "ID": 400001,
      "PosX": 290.93,
      "PosY": 105.971,
      "PosZ": 204.92
    },
    {
      "NPCID": 14264,
      "LoadOnInitial": true,
      "ValueSource": {},
      "DialogueTriggerAngle": 120,
      "DialogueGroups": [],
      "ServerInteractVerificationIDList": [],
      "BoardShowList": [
        1,
        4,
        8,
        64
      ],