{
  "GroupName": "MainMission1040610_15",
  "Category": "Mission",
  "LevelGraph": "Config/Level/GroupGraph/F20451001/Group_F20451001_G273.json",
  "AreaAnchorName": "LevelArea_P20451_F20451001_G273",
  "SaveType": "Reset",
  "OwnerMainMissionID": 1040610,
  "ValueSource": {},
  "ConflictIDList": [],
  "IsHoyoGroup": true,
  "HoyoGroupLowestLoadPlatformQuality": "VeryLow",
  "ConflictWhiteList": [],
  "AnchorList": [],
  "MonsterList": [],
  "PropList": [],
  "DistrictList": [
    {
      "Scale": {
        "x": 1.0,
        "y": 1.0,
        "z": 1.0,
        "normalized": {
          "x": 0.577350259,
          "y": 0.577350259,
          "z": 0.577350259,
          "normalized": {
            "x": 0.5773503,
            "y": 0.5773503,
            "z": 0.5773503,
            "magnitude": 1.00000012,
            "sqrMagnitude": 1.00000024
          },
          "magnitude": 0.99999994,
          "sqrMagnitude": 0.99999994
        },
        "magnitude": 1.73205078,
        "sqrMagnitude": 3.0
      },
      "Trigger": {
        "Shape": "GeometryBox",
        "Radius": 1.0,
        "DimX": 110.0,
        "DimY": 16.0,
        "DimZ": 100.0,
        "PointList": [
          {
            "x": -5.0,
            "y": -5.0,
            "normalized": {
              "x": -0.707106769,
              "y": -0.707106769,
              "normalized": {
                "x": -0.7071068,
                "y": -0.7071068,
                "magnitude": 1.0,
                "sqrMagnitude": 1.00000012
              },
              "magnitude": 0.99999994,
              "sqrMagnitude": 0.99999994
            },
            "magnitude": 7.071068,
            "sqrMagnitude": 50.0
          },
          {
            "x": -5.0,
            "y": 5.0,
            "normalized": {
              "x": -0.707106769,
              "y": 0.707106769,
              "normalized": {
                "x": -0.7071068,
                "y": 0.7071068,
                "magnitude": 1.0,
                "sqrMagnitude": 1.00000012
              },
              "magnitude": 0.99999994,
              "sqrMagnitude": 0.99999994
            },
            "magnitude": 7.071068,
            "sqrMagnitude": 50.0
          },
          {
            "x": 5.0,
            "y": 5.0,
            "normalized": {
              "x": 0.707106769,
              "y": 0.707106769,
              "normalized": {
                "x": 0.7071068,
                "y": 0.7071068,
                "magnitude": 1.0,
                "sqrMagnitude": 1.00000012
              },
              "magnitude": 0.99999994,
              "sqrMagnitude": 0.99999994
            },
            "magnitude": 7.071068,
            "sqrMagnitude": 50.0
          },
          {
            "x": 5.0,
            "y": -5.0,
            "normalized": {
              "x": 0.707106769,
              "y": -0.707106769,
              "normalized": {
                "x": 0.7071068,
                "y": -0.7071068,
                "magnitude": 1.0,
                "sqrMagnitude": 1.00000012
              },
              "magnitude": 0.99999994,
              "sqrMagnitude": 0.99999994
            },
            "magnitude": 7.071068,
            "sqrMagnitude": 50.0
          }
        ]
      },
      "LoadOnInitial": true,
      "DistrictType": "Level",
      "NPCCrowdRadius": 25.0,
      "ValueSource": {},
      "Name": "District1",
      "ID": 500001,
      "PosX": 113.5,
      "PosY": 30.76001,
      "PosZ": 223.0
    }
  ],
  "WaypointList": [],
  "PathwayList": [],
  "BattleAreaList": [],
  "NPCList": [],
  "CrowdList": [],
  "PedestrianList": [],
  "PedestrianV2List": [],
  "AudienceList": [],
  "SmartObjectList": [],
  "CurveList": [],
  "LittleGameList": []
}